{
    "action": "all", 
    "amt_test_data": 1, 
    "amt_train_data": 1.0, 
    "camera_coord_3d": true, 
    "ckpt": "../checkpoint/default_human36_rel", 
    "ckpt_ims": "../checkpoint/default_human36_rel/ims", 
    "data_dir": "/media/macaodha/Data/datasets/h3.6/h36m", 
    "dataset_type": "human36_17k", 
    "distance_multiplier": 2.5, 
    "dropout": 0.5, 
    "epochs": 25, 
    "exp": "default_human36_rel", 
    "is_test": true, 
    "is_train": true, 
    "job": 8, 
    "keep_root": true, 
    "limb_type": "avg_human36", 
    "linear_size": 1024, 
    "load": "", 
    "loss_weights": {
        "relative": 1.0, 
        "reproj": 0.1, 
        "root": 1.0, 
        "symm": 1.0
    }, 
    "lr": 0.001, 
    "lr_decay": 100000, 
    "lr_gamma": 0.96, 
    "max_norm": true, 
    "num_pairs": 1, 
    "num_stage": 1, 
    "only_depth": false, 
    "predict_scale": true, 
    "rel_labels_noise_prob": 0.0, 
    "reprojection": "scaled_orthographic", 
    "resume": false, 
    "save_ims": true, 
    "scale_range": 1.0, 
    "standardize_input_data": true, 
    "standardize_output_data": false, 
    "subtract_2d_root": true, 
    "test_batch": 64, 
    "test_noise_amount_2d": 0, 
    "test_noise_type_2d": "none", 
    "test_step": 1, 
    "test_subjects": [
        9, 
        11
    ], 
    "tolerance_mm": 0.0, 
    "train_batch": 64, 
    "train_noise_amount_2d": 0, 
    "train_noise_type_2d": "none", 
    "train_subjects": [
        1, 
        5, 
        6, 
        7, 
        8
    ], 
    "unnorm_init": 100.0, 
    "unnorm_op": true, 
    "use_full_intrinsics": false, 
    "use_rel_loss": true
}
